{
 "provenance": "Converted from the AMPL double-column research data (column2_dynamic.dat read order) on 2026-07-17; the reference profiles are the steady-state solve the tracking cost targets, the initial state is the initial_data.dat operating point.",
 "NT": 41,
 "NF": 21,
 "F": 1.41,
 "qF": 1.0,
 "zF": [
  0.3967941,
  0.2064117,
  0.3967941
 ],
 "x1_ref": [
  [
   0.01281271,
   0.3219625
  ],
  [
   0.02049139,
   0.3981449
  ],
  [
   0.03051545,
   0.4647773
  ],
  [
   0.0430497,
   0.5178525
  ],
  [
   0.05820853,
   0.5558104
  ],
  [
   0.0760897,
   0.5791143
  ],
  [
   0.09678189,
   0.5894187
  ],
  [
   0.1203421,
   0.5888173
  ],
  [
   0.1467532,
   0.5793803
  ],
  [
   0.1758752,
   0.5629626
  ],
  [
   0.2074067,
   0.5411829
  ],
  [
   0.2408653,
   0.5154729
  ],
  [
   0.275599,
   0.4871328
  ],
  [
   0.3108279,
   0.4573611
  ],
  [
   0.3457127,
   0.4272516
  ],
  [
   0.3794362,
   0.3977659
  ],
  [
   0.4112806,
   0.3696984
  ],
  [
   0.4406863,
   0.3436486
  ],
  [
   0.4672823,
   0.3200115
  ],
  [
   0.4908873,
   0.2989886
  ],
  [
   0.5114883,
   0.2806162
  ],
  [
   0.571605,
   0.286068
  ],
  [
   0.6252333,
   0.2808998
  ],
  [
   0.6721298,
   0.2677534
  ],
  [
   0.7129775,
   0.2493808
  ],
  [
   0.7487481,
   0.2280891
  ],
  [
   0.7803432,
   0.2055961
  ],
  [
   0.8084661,
   0.1830911
  ],
  [
   0.8336207,
   0.161355
  ],
  [
   0.8561578,
   0.1408748
  ],
  [
   0.8763284,
   0.1219306
  ],
  [
   0.894326,
   0.1046584
  ],
  [
   0.9103162,
   0.08909449
  ],
  [
   0.9244532,
   0.07520657
  ],
  [
   0.936888,
   0.06291661
  ],
  [
   0.9477707,
   0.05211774
  ],
  [
   0.9572499,
   0.04268684
  ],
  [
   0.9654707,
   0.03449385
  ],
  [
   0.972572,
   0.02740843
  ],
  [
   0.9786849,
   0.02130469
  ],
  [
   0.9839306,
   0.01606416
  ]
 ],
 "x2_ref": [
  [
   4.158569e-07,
   0.005667065
  ],
  [
   7.577998e-07,
   0.007990347
  ],
  [
   1.320284e-06,
   0.01085257
  ],
  [
   2.243761e-06,
   0.01436965
  ],
  [
   3.756377e-06,
   0.01867773
  ],
  [
   6.227024e-06,
   0.02393422
  ],
  [
   1.024881e-05,
   0.03031757
  ],
  [
   1.676888e-05,
   0.03802483
  ],
  [
   2.728762e-05,
   0.04726608
  ],
  [
   4.415902e-05,
   0.0582546
  ],
  [
   7.103513e-05,
   0.07119175
  ],
  [
   0.0001135089,
   0.08624602
  ],
  [
   0.0001800205,
   0.1035268
  ],
  [
   0.0002831008,
   0.1230547
  ],
  [
   0.0004410281,
   0.1447327
  ],
  [
   0.0006799731,
   0.1683237
  ],
  [
   0.001036709,
   0.1934412
  ],
  [
   0.001561966,
   0.2195581
  ],
  [
   0.002324551,
   0.2460364
  ],
  [
   0.003416367,
   0.2721729
  ],
  [
   0.004958573,
   0.2972537
  ],
  [
   0.005102739,
   0.3201278
  ],
  [
   0.00528384,
   0.3487502
  ],
  [
   0.005506771,
   0.3837738
  ],
  [
   0.005774691,
   0.4254759
  ],
  [
   0.006088051,
   0.4735458
  ],
  [
   0.006444158,
   0.5269265
  ],
  [
   0.006837838,
   0.5838018
  ],
  [
   0.007263668,
   0.6417854
  ],
  [
   0.007719742,
   0.6982926
  ],
  [
   0.008212492,
   0.7509773
  ],
  [
   0.008761948,
   0.7980841
  ],
  [
   0.009407327,
   0.8386093
  ],
  [
   0.01021359,
   0.8722592
  ],
  [
   0.0112804,
   0.8992716
  ],
  [
   0.01275545,
   0.9201875
  ],
  [
   0.01485457,
   0.9356365
  ],
  [
   0.01789144,
   0.9461667
  ],
  [
   0.02232034,
   0.9521173
  ],
  [
   0.02879588,
   0.9535181
  ],
  [
   0.03825284,
   0.95
  ]
 ],
 "M1_ref": [
  0.5347829,
  0.5833503,
  0.5833503,
  0.5833503,
  0.5833503,
  0.5833503,
  0.5833503,
  0.5833503,
  0.5833503,
  0.5833503,
  0.5833503,
  0.5833503,
  0.5833503,
  0.5833503,
  0.5833503,
  0.5833503,
  0.5833503,
  0.5833503,
  0.5833503,
  0.5833503,
  0.5833503,
  0.5902331,
  0.5902331,
  0.5902331,
  0.5902331,
  0.5902331,
  0.5902331,
  0.5902331,
  0.5902331,
  0.5902331,
  0.5902331,
  0.5902331,
  0.5902331,
  0.5902331,
  0.5902331,
  0.5902331,
  0.5902331,
  0.5902331,
  0.5902331,
  0.5902331,
  0.5062171
 ],
 "M2_ref": [
  0.5063857,
  0.4794139,
  0.4794139,
  0.4794139,
  0.4794139,
  0.4794139,
  0.4794139,
  0.4794139,
  0.4794139,
  0.4794139,
  0.4794139,
  0.4794139,
  0.4794139,
  0.4794139,
  0.4794139,
  0.4794139,
  0.4794139,
  0.4794139,
  0.4794139,
  0.4794139,
  0.4794139,
  0.4814175,
  0.4814175,
  0.4814175,
  0.4814175,
  0.4814175,
  0.4814175,
  0.4814175,
  0.4814175,
  0.4814175,
  0.4814175,
  0.4814175,
  0.4814175,
  0.4814175,
  0.4814175,
  0.4814175,
  0.4814175,
  0.4814175,
  0.4814175,
  0.4814175,
  0.4783972
 ],
 "controls_ref": {
  "D1": 0.5621708,
  "B1": 0.8478292,
  "D2": 0.2839724,
  "B2": 0.5638568,
  "VB1": 4.858812,
  "VB2": 2.694203,
  "LT1": 4.296642,
  "LT2": 2.41023
 },
 "x1_init": [
  [
   0.01456723,
   0.3356477
  ],
  [
   0.02334014,
   0.4140879
  ],
  [
   0.0349206,
   0.4827847
  ],
  [
   0.04953352,
   0.5371535
  ],
  [
   0.06733121,
   0.5752526
  ],
  [
   0.08843107,
   0.5974064
  ],
  [
   0.1129221,
   0.6053188
  ],
  [
   0.1408338,
   0.6012414
  ],
  [
   0.1720801,
   0.5874564
  ],
  [
   0.2063996,
   0.5660612
  ],
  [
   0.2433133,
   0.5389396
  ],
  [
   0.2821149,
   0.507804
  ],
  [
   0.321906,
   0.4742344
  ],
  [
   0.3616718,
   0.4396837
  ],
  [
   0.4003843,
   0.4054461
  ],
  [
   0.437111,
   0.372609
  ],
  [
   0.4711024,
   0.3420097
  ],
  [
   0.5018445,
   0.3142148
  ],
  [
   0.5290693,
   0.2895293
  ],
  [
   0.5527306,
   0.2680316
  ],
  [
   0.5729582,
   0.2496242
  ],
  [
   0.6411449,
   0.2432636
  ],
  [
   0.6992029,
   0.2282707
  ],
  [
   0.7476111,
   0.2081557
  ],
  [
   0.7877911,
   0.1857922
  ],
  [
   0.8212958,
   0.1631723
  ],
  [
   0.8494521,
   0.1415232
  ],
  [
   0.8732853,
   0.1215188
  ],
  [
   0.8935608,
   0.1034695
  ],
  [
   0.9108532,
   0.08745958
  ],
  [
   0.9256075,
   0.07343858
  ],
  [
   0.9381826,
   0.06128041
  ],
  [
   0.9488784,
   0.05082046
  ],
  [
   0.9579526,
   0.04187905
  ],
  [
   0.9656303,
   0.03427594
  ],
  [
   0.972109,
   0.027839
  ],
  [
   0.9775622,
   0.02240916
  ],
  [
   0.9821416,
   0.01784268
  ],
  [
   0.9859795,
   0.01401198
  ],
  [
   0.9891903,
   0.01080523
  ],
  [
   0.9918723,
   0.008125505
  ]
 ],
 "x2_init": [
  [
   3.060162e-07,
   0.01676853
  ],
  [
   5.386158e-07,
   0.0243972
  ],
  [
   1.099705e-06,
   0.03485435
  ],
  [
   1.89722e-06,
   0.04906097
  ],
  [
   3.660244e-06,
   0.06812878
  ],
  [
   6.378533e-06,
   0.09330903
  ],
  [
   1.16481e-05,
   0.1258571
  ],
  [
   2.015279e-05,
   0.1667846
  ],
  [
   3.495949e-05,
   0.2164997
  ],
  [
   5.85472e-05,
   0.274414
  ],
  [
   9.614919e-05,
   0.3386772
  ],
  [
   0.0001530529,
   0.4062458
  ],
  [
   0.0002371195,
   0.4733765
  ],
  [
   0.0003570991,
   0.536411
  ],
  [
   0.0005245133,
   0.592522
  ],
  [
   0.0007535377,
   0.6401219
  ],
  [
   0.001062948,
   0.6788453
  ],
  [
   0.001477456,
   0.7092396
  ],
  [
   0.002030211,
   0.732365
  ],
  [
   0.00276553,
   0.749452
  ],
  [
   0.003742716,
   0.7616753
  ],
  [
   0.003948365,
   0.8198509
  ],
  [
   0.004130053,
   0.866281
  ],
  [
   0.00429409,
   0.9019588
  ],
  [
   0.004450267,
   0.9285751
  ],
  [
   0.004610807,
   0.9479829
  ],
  [
   0.004790144,
   0.9618807
  ],
  [
   0.005005521,
   0.9716767
  ],
  [
   0.005278293,
   0.9784661
  ],
  [
   0.005635913,
   0.9830615
  ],
  [
   0.006114694,
   0.9860424
  ],
  [
   0.006763525,
   0.9878034
  ],
  [
   0.007648893,
   0.9885932
  ],
  [
   0.008861629,
   0.9885434
  ],
  [
   0.01052597,
   0.9876855
  ],
  [
   0.01281165,
   0.9859588
  ],
  [
   0.01594986,
   0.9832078
  ],
  [
   0.02025392,
   0.9791718
  ],
  [
   0.02614528,
   0.9734661
  ],
  [
   0.03418488,
   0.9655549
  ],
  [
   0.04510831,
   0.9547203
  ]
 ],